,sr_range,U_k2_rel_mean,U_k2_rel_std,n_minutes
0,"(-0.001, 80.0]",3.6981707244785147,,1
1,"(80.0, 90.0]",3.7051876230548246,0.09288933727612125,10
2,"(90.0, 95.0]",3.7269685366052547,0.31677319262703174,1677
3,"(95.0, 100.0]",3.6248349675381015,0.1233599230780617,83549
4,"(100.0, 105.0]",3.616390927193538,0.044362385343359206,8184
5,"(105.0, 200.0]",4.147206319539076,0.6132793142980741,23
