,sr_range,U_k2_rel_mean,U_k2_rel_std,n_minutes
0,"(80.0, 90.0]",3.7177089774165584,0.10190733130580258,3
1,"(90.0, 95.0]",3.7270735741816,0.31875821931166815,1653
2,"(95.0, 100.0]",3.615189263069322,0.09294699231487608,60315
3,"(100.0, 105.0]",3.615321154679782,0.04047175270110615,8078
4,"(105.0, 200.0]",4.3905616605912625,0.6642461103580227,12
