,sr_range,U_k2_rel_mean,U_k2_rel_std,n_minutes
0,"(-0.001, 80.0]",19.227023362762168,12.574178635418546,2310
1,"(80.0, 90.0]",13.483140538509906,11.55334085454138,374
2,"(90.0, 95.0]",9.927444624904515,12.15667838505319,8351
3,"(95.0, 100.0]",5.691271520977788,6.601128471530774,126425
4,"(100.0, 105.0]",5.404934358072243,4.56187107751957,30073
5,"(105.0, 200.0]",8.950447585519518,4.895684372639041,6285
